{
  "timestamp": "2025-10-16T13:13:36.026Z",
  "nodeVersion": "v22.6.0",
  "scale": "small",
  "config": {
    "vectorCount": 1000,
    "dimensions": 384,
    "kValues": [
      5,
      10,
      20,
      50
    ],
    "iterations": 10
  },
  "insertion": {
    "duration": 17729.71546,
    "avgMs": 17.729715459999998,
    "throughput": 56.402484419792266
  },
  "clustering": [
    {
      "k": 5,
      "duration": 21592.086406,
      "iterations": 7,
      "converged": true,
      "silhouetteScore": 0.06343023506341368,
      "inertia": 863.7901777911862,
      "clusterSizes": [
        200,
        200,
        200,
        200,
        200
      ],
      "avgClusterSize": 200,
      "minClusterSize": 200,
      "maxClusterSize": 200
    },
    {
      "k": 10,
      "duration": 21029.685387999998,
      "iterations": 6,
      "converged": true,
      "silhouetteScore": 0.014821980060292894,
      "inertia": 856.273098609908,
      "clusterSizes": [
        200,
        44,
        88,
        113,
        100,
        179,
        21,
        100,
        68,
        87
      ],
      "avgClusterSize": 100,
      "minClusterSize": 21,
      "maxClusterSize": 200
    },
    {
      "k": 20,
      "duration": 21835.039371000006,
      "iterations": 7,
      "converged": true,
      "silhouetteScore": 0.002204201943307686,
      "inertia": 843.9639368695512,
      "clusterSizes": [
        74,
        93,
        40,
        28,
        72,
        30,
        50,
        29,
        54,
        56,
        31,
        107,
        60,
        21,
        40,
        24,
        41,
        37,
        50,
        63
      ],
      "avgClusterSize": 50,
      "minClusterSize": 21,
      "maxClusterSize": 107
    },
    {
      "k": 50,
      "duration": 21715.127861999994,
      "iterations": 4,
      "converged": true,
      "silhouetteScore": -0.0008516576913185938,
      "inertia": 810.9037152311665,
      "clusterSizes": [
        18,
        11,
        26,
        15,
        26,
        25,
        21,
        32,
        24,
        16,
        17,
        24,
        29,
        18,
        17,
        20,
        13,
        24,
        13,
        28,
        15,
        31,
        17,
        13,
        24,
        12,
        25,
        22,
        8,
        12,
        24,
        28,
        19,
        17,
        13,
        20,
        22,
        19,
        22,
        14,
        23,
        27,
        19,
        9,
        25,
        21,
        11,
        38,
        15,
        18
      ],
      "avgClusterSize": 20,
      "minClusterSize": 8,
      "maxClusterSize": 38
    }
  ],
  "storage": {
    "vectorSize": 3072,
    "compressedSize": 707,
    "totalUncompressed": 3072000,
    "totalCompressed": 707000,
    "savings": 2365000,
    "savingsPercent": 77
  },
  "bestK": 5
}