{
  "timestamp": "2025-10-16T13:20:22.643Z",
  "nodeVersion": "v22.6.0",
  "scale": "large",
  "config": {
    "vectorCount": 10000,
    "dimensions": 384,
    "kValues": [
      10,
      25,
      50,
      100
    ],
    "iterations": 15
  },
  "insertion": {
    "duration": 181621.819282,
    "avgMs": 18.162181928200003,
    "throughput": 55.05946388783404
  },
  "clustering": [
    {
      "k": 10,
      "duration": 21738.699541999988,
      "iterations": 8,
      "converged": true,
      "silhouetteScore": 0.01575164242078821,
      "inertia": 855.3476449130748,
      "clusterSizes": [
        85,
        76,
        115,
        69,
        60,
        79,
        122,
        201,
        122,
        71
      ],
      "avgClusterSize": 100,
      "minClusterSize": 60,
      "maxClusterSize": 201
    },
    {
      "k": 25,
      "duration": 21198.13634300002,
      "iterations": 6,
      "converged": true,
      "silhouetteScore": 0.000959963618448184,
      "inertia": 837.7355256605899,
      "clusterSizes": [
        18,
        27,
        48,
        31,
        40,
        42,
        40,
        41,
        43,
        58,
        43,
        35,
        21,
        43,
        53,
        46,
        37,
        53,
        28,
        59,
        24,
        40,
        55,
        35,
        40
      ],
      "avgClusterSize": 40,
      "minClusterSize": 18,
      "maxClusterSize": 59
    },
    {
      "k": 50,
      "duration": 21841.399382000032,
      "iterations": 4,
      "converged": true,
      "silhouetteScore": -0.0017724842870237803,
      "inertia": 811.9236565048963,
      "clusterSizes": [
        16,
        27,
        19,
        21,
        29,
        35,
        20,
        23,
        17,
        16,
        25,
        20,
        18,
        19,
        14,
        16,
        22,
        12,
        14,
        31,
        27,
        13,
        25,
        22,
        17,
        30,
        17,
        14,
        15,
        35,
        12,
        6,
        21,
        26,
        20,
        22,
        30,
        23,
        21,
        17,
        16,
        11,
        21,
        12,
        18,
        28,
        17,
        13,
        14,
        23
      ],
      "avgClusterSize": 20,
      "minClusterSize": 6,
      "maxClusterSize": 35
    },
    {
      "k": 100,
      "duration": 24809.259189000004,
      "iterations": 4,
      "converged": true,
      "silhouetteScore": -0.00291281073705722,
      "inertia": 758.3354535324553,
      "clusterSizes": [
        14,
        2,
        10,
        4,
        6,
        10,
        4,
        9,
        13,
        12,
        23,
        9,
        7,
        12,
        16,
        12,
        9,
        11,
        10,
        8,
        9,
        8,
        10,
        12,
        10,
        12,
        9,
        10,
        9,
        23,
        15,
        14,
        5,
        9,
        12,
        15,
        9,
        9,
        7,
        5,
        11,
        7,
        9,
        9,
        16,
        10,
        4,
        6,
        10,
        6,
        11,
        7,
        14,
        11,
        7,
        10,
        7,
        12,
        8,
        7,
        13,
        5,
        13,
        10,
        19,
        11,
        15,
        13,
        5,
        10,
        5,
        6,
        7,
        15,
        8,
        8,
        9,
        14,
        7,
        11,
        4,
        17,
        5,
        10,
        11,
        10,
        9,
        11,
        14,
        4,
        12,
        7,
        10,
        14,
        6,
        8,
        16,
        13,
        7,
        13
      ],
      "avgClusterSize": 10,
      "minClusterSize": 2,
      "maxClusterSize": 23
    }
  ],
  "storage": {
    "vectorSize": 3072,
    "compressedSize": 707,
    "totalUncompressed": 30720000,
    "totalCompressed": 7070000,
    "savings": 23650000,
    "savingsPercent": 77
  },
  "bestK": 10
}